Date_Submittted,Analyte_(Lead),Result_Lead_(PPB),Analyte_(Copper),Result_Copper_(PPB),Address,City,Zip_Code,Site_Code,Service_Line_Material,Sample_Location,Sentinel_Group_Number
16-Feb-16,Lead,0,Copper,0,POLLY ST   ,FLINT,48505,FS0001,Copper,KITCHEN,1
16-Feb-16,Lead,0,Copper,0,E CARPENTER RD  ,FLINT,48505,FS0002,Copper,KITCHEN,1
16-Feb-16,Lead,0,Copper,0,E HOLBROOK AVE  ,FLINT,48505,FS0005,Copper,BATHROOM,1
16-Feb-16,Lead,0,Copper,0,E HOME AVE  ,FLINT,48505,FS0007,Copper,KITCHEN,1
16-Feb-16,Lead,0,Copper,0,E LYNDON AVE  ,FLINT,48505,FS0013,Copper,KITCHEN,1
16-Feb-16,Lead,0,Copper,0,INDUSTRIAL AVE   ,FLINT,48505,FS0014,Copper,KITCHEN,1
16-Feb-16,Lead,0,Copper,0,BIRCHCREST DR   ,FLINT,48504,FS0027,Copper,KITCHEN,1
16-Feb-16,Lead,0,Copper,280,CLIO RD   ,FLINT,48504,FS0029,Copper,BATHROOM,1
16-Feb-16,Lead,0,Copper,0,KELLAR AVE   ,FLINT,48504,FS0030,Copper,KITCHEN,1
16-Feb-16,Lead,0,Copper,0,W RANKIN ST  ,FLINT,48505,FS0037,Copper,KITCHEN,1
16-Feb-16,Lead,0,Copper,0,W JAMIESON ST  ,FLINT,48505,FS0041,Copper,KITCHEN,1
16-Feb-16,Lead,0,Copper,0,WYOMING AVE   ,FLINT,48506,FS0055,Copper,KITCHEN,1
16-Feb-16,Lead,0,Copper,0,WOODROW AVE   ,FLINT,48506,FS0057,Copper,KITCHEN,1
16-Feb-16,Lead,0,Copper,60,CRAIG DR   ,FLINT,48506,FS0061,Copper,KITCHEN,1
16-Feb-16,Lead,0,Copper,0,N CENTER RD  ,FLINT,48506,FS0077,Copper,KITCHEN,1
16-Feb-16,Lead,0,Copper,0,E LORADO AVE  ,FLINT,48505,FS0147,Copper,KITCHEN,1
16-Feb-16,Lead,0,Copper,70,E PARKWAY AVE  ,FLINT,48505,FS0152,Copper,KITCHEN,1
16-Feb-16,Lead,0,Copper,0,W YORK AVE  ,FLINT,48505,FS0154,Copper,KITCHEN,1
16-Feb-16,Lead,0,Copper,0,W BUNDY AVE  ,FLINT,48505,FS0155,Copper,BATHROOM,1
16-Feb-16,Lead,0,Copper,0,CHANDLER AVE   ,FLINT,48503,FS0165,Copper,KITCHEN,1
16-Feb-16,Lead,0,Copper,70,BARRINGTON DR   ,FLINT,48503,FS0176,Copper,KITCHEN,1
16-Feb-16,Lead,0,Copper,0,S CUMBERLAND ST  ,FLINT,48503,FS0180,Copper,BATHROOM,1
26-Feb-16,Lead,0,Copper,0,S CUMBERLAND ST  ,FLINT,48503,FS0180,Copper,BATHROOM,1
16-Feb-16,Lead,0,Copper,160,GIBSON ST   ,FLINT,48503,FS0189,Copper,KITCHEN,1
16-Feb-16,Lead,0,Copper,0,WESTWOOD PKWY   ,FLINT,48503,FS0212,Copper,KITCHEN,1
16-Feb-16,Lead,0,Copper,0,KNAPP AVE   ,FLINT,48503,FS0255,Copper,KITCHEN,1
16-Feb-16,Lead,0,Copper,0,CORUNNA RD   ,FLINT,48503,FS0257,Copper,KITCHEN,1
16-Feb-16,Lead,0,Copper,0,GAINEY AVE   ,FLINT,48503,FS0263,Copper,KITCHEN,1
16-Feb-16,Lead,0,Copper,0,MILLER RD   ,FLINT,48503,FS0265,Copper,KITCHEN,1
16-Feb-16,Lead,0,Copper,0,WOODCROFT AVE   ,FLINT,48503,FS0266,Copper,KITCHEN,1
16-Feb-16,Lead,0,Copper,190,WOODCROFT AVE   ,FLINT,48503,FS0267,Copper,BATHROOM,1
16-Feb-16,Lead,0,Copper,0,MAXINE ST   ,FLINT,48503,FS0283,Copper,KITCHEN,1
16-Feb-16,Lead,0,Copper,0,E COURT ST  ,FLINT,48503,FS0293,Copper,KITCHEN,1
16-Feb-16,Lead,0,Copper,0,S FRANKLIN AVE  ,FLINT,48503,FS0298,Copper,KITCHEN,1
16-Feb-16,Lead,0,Copper,0,WYOMING AVE   ,FLINT,48506,FS0326,Copper,KITCHEN,1
16-Feb-16,Lead,0,Copper,0,ILLINOIS AVE   ,FLINT,48506,FS0349,Copper,KITCHEN,1
22-Feb-16,Lead,0,Copper,0,BRANCH RD   ,FLINT,48506,FS0351,Copper,KITCHEN,1
16-Feb-16,Lead,0,Copper,50,CHURCHILL AVE   ,FLINT,48506,FS0353,Copper,KITCHEN,1
16-Feb-16,Lead,0,Copper,90,CLEMENT ST   ,FLINT,48504,FS0355,Copper,KITCHEN,1
16-Feb-16,Lead,0,Copper,100,SLOAN ST   ,FLINT,48504,FS0363,Copper,KITCHEN,1
16-Feb-16,Lead,0,Copper,0,RASKOB ST   ,FLINT,48504,FS0364,Copper,KITCHEN,1
16-Feb-16,Lead,0,Copper,140,N CHEVROLET AVE  ,FLINT,48504,FS0367,Copper,KITCHEN,1
25-Feb-16,Lead,0,Copper,0,ASYLUM ST   ,FLINT,48503,FS0395,Copper,BATHROOM,1
16-Feb-16,Lead,0,Copper,0,MACKIN RD   ,FLINT,48503,FS0398,Copper,,1
25-Feb-16,Lead,0,Copper,80,PROSPECT ST   ,FLINT,48504,FS0403,Copper,KITCHEN,1
25-Feb-16,Lead,0,Copper,0,WINONA ST   ,FLINT,48504,FS0416,Copper,KITCHEN,1
24-Feb-16,Lead,0,Copper,140,BARTH ST   ,FLINT,48504,FS0417,Copper,KITCHEN,1
24-Feb-16,Lead,0,Copper,0,COPEMAN BLVD   ,FLINT,48504,FS0424,Copper,,1
24-Feb-16,Lead,0,Copper,0,WOLCOTT ST   ,FLINT,48504,FS0518,Copper,KITCHEN,1
24-Feb-16,Lead,0,Copper,0,COPEMAN BLVD   ,FLINT,48504,FS0538,Copper,KITCHEN,1
24-Feb-16,Lead,0,Copper,0,FERNDALE PL   ,FLINT,48503,FS0545,Copper,KITCHEN,1
24-Feb-16,Lead,0,Copper,60,WINONA ST   ,FLINT,48504,FS0562,Copper,KITCHEN,1
24-Feb-16,Lead,0,Copper,0,KELLAR AVE   ,FLINT,48504,FS0564,Copper,KITCHEN,1
24-Feb-16,Lead,0,Copper,0,SUNSET DR   ,FLINT,48503,FS0576,Copper,KITCHEN,1
24-Feb-16,Lead,0,Copper,0,WINONA ST   ,FLINT,48504,FS0579,Copper,KITCHEN,1
24-Feb-16,Lead,0,Copper,100,WINONA ST   ,FLINT,48504,FS0583,Copper,KITCHEN,1
24-Feb-16,Lead,0,Copper,0,ELDORADO DR   ,FLINT,48504,FS0585,Copper,KITCHEN,1
24-Feb-16,Lead,0,Copper,0,WINONA ST   ,FLINT,48504,FS0589,Copper,KITCHEN,1
25-Feb-16,Lead,0,Copper,0,BARTH ST   ,FLINT,48504,FS0597,Copper,KITCHEN,1
24-Feb-16,Lead,0,Copper,0,WINONA ST   ,FLINT,48504,FS0606,Copper,KITCHEN,1
24-Feb-16,Lead,0,Copper,0,BRENTWOOD DR   ,FLINT,48503,FS0629,Copper,KITCHEN,1
24-Feb-16,Lead,0,Copper,80,PENCOMBE PL   ,FLINT,48503,FS0648,Copper,KITCHEN,1
24-Feb-16,Lead,0,Copper,60,PENCOMBE PL   ,FLINT,48503,FS0674,Copper,KITCHEN,1
24-Feb-16,Lead,0,Copper,0,WINONA ST   ,FLINT,48504,FS0675,Copper,KITCHEN,1
24-Feb-16,Lead,0,Copper,110,PENCOMBE PL   ,FLINT,48503,FS0689,Copper,KITCHEN,1
24-Feb-16,Lead,0,Copper,0,HELBER ST   ,FLINT,48504,FS0707,Copper,KITCHEN,1
24-Feb-16,Lead,0,Copper,0,HELBER ST   ,FLINT,48504,FS0711,Copper,BATHROOM,1
24-Feb-16,Lead,0,Copper,0,BEGOLE ST   ,FLINT,48504,FS0718,Copper,KITCHEN,1
24-Feb-16,Lead,0,Copper,60,MALLERY ST   ,FLINT,48504,FS0765,Copper,KITCHEN,1
29-Feb-16,Lead,0,Copper,110,MALLERY ST   ,FLINT,48504,FS0861,Copper,KITCHEN,1
25-Feb-16,Lead,0,Copper,0,WALTER ST   ,FLINT,48504,FS0870,Copper,KITCHEN,1
24-Feb-16,Lead,0,Copper,70,DARYLL DR   ,FLINT,48505,FS0994,Copper,KITCHEN,1
24-Feb-16,Lead,0,Copper,0,DARYLL DR   ,FLINT,48505,FS0999,Copper,KITCHEN,1
26-Feb-16,Lead,0,Copper,0,ROBBIE LN   ,FLINT,48505,FS1007,Copper,KITCHEN,1
16-Feb-16,Lead,0,Copper,0,ROBBIE LN   ,FLINT,48505,FS1007,Copper,BATHROOM,1
24-Feb-16,Lead,0,Copper,0,HERRICK ST   ,FLINT,48532,FS1031,Copper,KITCHEN,1
28-Feb-16,Lead,0,Copper,0,OGEMA AVE   ,FLINT,48507,FS1036,Copper,KITCHEN,1
24-Feb-16,Lead,0,Copper,0,TENNYSON AVE   ,FLINT,48507,FS1047,Copper,KITCHEN,1
24-Feb-16,Lead,0,Copper,0,BRABYN ST   ,FLINT,48503,FS1068,Copper,KITCHEN,1
24-Feb-16,Lead,0,Copper,0,ARLENE AVE   ,FLINT,48532,FS1079,Copper,KITCHEN,1
24-Feb-16,Lead,0,Copper,0,HOGARTH AVE   ,FLINT,48532,FS1104,Copper,KITCHEN,1
24-Feb-16,Lead,0,Copper,0,CLAIRMONT ST   ,FLINT,48503,FS1127,Copper,KITCHEN,1
25-Feb-16,Lead,0,Copper,50,AVENUE B   ,FLINT,48503,FS1128,Copper,KITCHEN,1
24-Feb-16,Lead,0,Copper,0,E GENESEE ST  ,FLINT,48505,FS1171,Copper,KITCHEN,1
25-Feb-16,Lead,0,Copper,60,W FOSS AVE  ,FLINT,48505,FS1202,Copper,KITCHEN,1
24-Feb-16,Lead,0,Copper,110,MOUNTAIN AVE   ,FLINT,48503,FS1203,Copper,KITCHEN,1
27-Feb-16,Lead,0,Copper,0,E JACKSON AVE  ,FLINT,48505,FS1206,Copper,KITCHEN,1
24-Feb-16,Lead,0,Copper,90,E CARPENTER RD  ,FLINT,48505,FS1208,Copper,KITCHEN,1
24-Feb-16,Lead,0,Copper,0,HURON ST   ,FLINT,48507,FS1210,Copper,KITCHEN,1
26-Feb-16,Lead,0,Copper,0,WOODROW AVE   ,FLINT,48506,FS1213,Copper,KITCHEN,1
24-Feb-16,Lead,0,Copper,0,BRANDON ST   ,FLINT,48503,FS1214,Copper,KITCHEN,1
24-Feb-16,Lead,0,Copper,0,LARCHMONT ST   ,FLINT,48503,FS1226,Copper,KITCHEN,1
24-Feb-16,Lead,0,Copper,0,GREENFIELD AVE   ,FLINT,48503,FS1228,Copper,KITCHEN,1
24-Feb-16,Lead,0,Copper,0,MONTCLAIR AVE   ,FLINT,48503,FS1229,Copper,KITCHEN,1
26-Feb-16,Lead,0,Copper,0,BURROUGHS AVE   ,FLINT,48507,FS1247,Copper,KITCHEN,1
24-Feb-16,Lead,0,Copper,0,BURROUGHS AVE   ,FLINT,48507,FS1256,Copper,KITCHEN,1
24-Feb-16,Lead,0,Copper,80,BURROUGHS AVE   ,FLINT,48507,FS1261,Copper,KITCHEN,1
25-Feb-16,Lead,0,Copper,0,E YORK AVE  ,FLINT,48505,FS1330,Copper,KITCHEN,1
24-Feb-16,Lead,0,Copper,60,W SIXTH ST  ,FLINT,48503,FS1333,Copper,KITCHEN,1
24-Feb-16,Lead,0,Copper,0,PIERCE ST   ,FLINT,48503,FS1383,Copper,BATHROOM,1
24-Feb-16,Lead,0,Copper,0,KENNELWORTH AVE   ,FLINT,48503,FS1387,Copper,BATHROOM,1
25-Feb-16,Lead,0,Copper,0,WINTHROP BLVD   ,FLINT,48505,FS1415,Copper,KITCHEN,1
24-Feb-16,Lead,0,Copper,60,CHANDLER AVE   ,FLINT,48503,FS1418,Copper,KITCHEN,1
24-Feb-16,Lead,0,Copper,0,HERRICK ST   ,FLINT,48532,FS1437,Copper,KITCHEN,1
24-Feb-16,Lead,0,Copper,190,BURROUGHS AVE   ,FLINT,48507,FS1442,Copper,KITCHEN,1
24-Feb-16,Lead,0,Copper,0,DURAND ST   ,FLINT,48503,FS1443,Copper,KITCHEN,1
24-Feb-16,Lead,0,Copper,0,BLANCHARD AVE   ,FLINT,48503,FS1445,Copper,KITCHEN,1
25-Feb-16,Lead,0,Copper,80,W GENESEE ST  ,FLINT,48505,FS1480,Copper,KITCHEN,1
24-Feb-16,Lead,0,Copper,200,CLINTON ST   ,FLINT,48507,FS1515,Copper,KITCHEN,1
25-Feb-16,Lead,0,Copper,0,W MC CLELLAN ST ,FLINT,48505,FS1532,Copper,BATHROOM,1
24-Feb-16,Lead,0,Copper,0,CASSIUS ST   ,FLINT,48505,FS1577,Copper,KITCHEN,1
24-Feb-16,Lead,0,Copper,0,NOLEN DR   ,FLINT,48504,FS1578,Copper,KITCHEN,1
24-Feb-16,Lead,0,Copper,210,ARLENE AVE   ,FLINT,48532,FS1586,Copper,KITCHEN,1
24-Feb-16,Lead,0,Copper,0,WALDMAN AVE   ,FLINT,48507,FS1591,Copper,KITCHEN,1
24-Feb-16,Lead,0,Copper,0,E BAKER ST  ,FLINT,48505,FS1597,Copper,KITCHEN,1
26-Feb-16,Lead,0,Copper,0,HOLLY AVE   ,FLINT,48506,FS1601,Copper,BATHROOM,1
24-Feb-16,Lead,0,Copper,0,MASON ST   ,FLINT,48505,FS1627,Copper,KITCHEN,1
24-Feb-16,Lead,0,Copper,0,BLANCHARD AVE   ,FLINT,48503,FS1638,Copper,KITCHEN,1
24-Feb-16,Lead,0,Copper,90,HOGARTH AVE   ,FLINT,48532,FS1659,Copper,KITCHEN,1
24-Feb-16,Lead,0,Copper,0,WHITNEY AVE   ,FLINT,48532,FS1666,Copper,,1
24-Feb-16,Lead,0,Copper,0,CRAWFORD ST   ,FLINT,48507,FS1668,Copper,KITCHEN,1
24-Feb-16,Lead,0,Copper,50,CLAIRMONT ST   ,FLINT,48503,FS1671,Copper,KITCHEN,1
24-Feb-16,Lead,0,Copper,0,CLINTON ST   ,FLINT,48507,FS1672,Copper,KITCHEN,1
24-Feb-16,Lead,0,Copper,90,CASSIUS ST   ,FLINT,48505,FS1690,Copper,KITCHEN,1
24-Feb-16,Lead,0,Copper,70,BROWNING AVE   ,FLINT,48507,FS1698,Copper,KITCHEN,1
24-Feb-16,Lead,0,Copper,0,CRAWFORD ST   ,FLINT,48507,FS1726,Copper,KITCHEN,1
24-Feb-16,Lead,0,Copper,0,NOLEN DR   ,FLINT,48504,FS1743,Copper,KITCHEN,1
24-Feb-16,Lead,0,Copper,0,NOLEN DR   ,FLINT,48504,FS1756,Copper,KITCHEN,1
24-Feb-16,Lead,0,Copper,60,ARLENE AVE   ,FLINT,48532,FS1851,Copper,KITCHEN,1
24-Feb-16,Lead,0,Copper,0,MASON ST   ,FLINT,48505,FS1891,Copper,KITCHEN,1
26-Feb-16,Lead,0,Copper,0,LAFAYETTE ST   ,FLINT,48503,FS1897,Copper,KITCHEN,1
24-Feb-16,Lead,0,Copper,0,BRANDON ST   ,FLINT,48503,FS1966,Copper,KITCHEN,1
24-Feb-16,Lead,0,Copper,0,HURON ST   ,FLINT,48507,FS1968,Copper,KITCHEN,1
24-Feb-16,Lead,0,Copper,0,CHAMBERS ST   ,FLINT,48507,FS1971,Copper,KITCHEN,1
24-Feb-16,Lead,0,Copper,130,CHANDLER AVE   ,FLINT,48503,FS1972,Copper,KITCHEN,1
25-Feb-16,Lead,0,Copper,0,GRANDY ST   ,FLINT,48503,FS1975,Copper,KITCHEN,1
24-Feb-16,Lead,0,Copper,0,GREENFIELD AVE   ,FLINT,48503,FS1976,Copper,KITCHEN,1
24-Feb-16,Lead,0,Copper,0,E BISHOP AVE  ,FLINT,48505,FS1977,Copper,KITCHEN,1
26-Feb-16,Lead,0,Copper,0,DALE AVE   ,FLINT,48506,FS1992,Copper,,1
24-Feb-16,Lead,0,Copper,0,E GENESEE ST  ,FLINT,48505,FS2000,Copper,BATHROOM,1
25-Feb-16,Lead,0,Copper,0,W GENESEE ST  ,FLINT,48504,FS2007,Copper,KITCHEN,1
26-Feb-16,Lead,0,Copper,0,DALE AVE   ,FLINT,48506,FS2010,Copper,KITCHEN,1
26-Feb-16,Lead,0,Copper,0,E SECOND ST  ,FLINT,48503,FS2011,Copper,KITCHEN,1
24-Feb-16,Lead,0,Copper,0,ALVORD AVE   ,FLINT,48507,FS2019,Copper,KITCHEN,1
24-Feb-16,Lead,0,Copper,50,BROWNING AVE   ,FLINT,48507,FS2024,Copper,KITCHEN,1
24-Feb-16,Lead,0,Copper,0,TENNYSON AVE   ,FLINT,48507,FS2026,Copper,KITCHEN,1
24-Feb-16,Lead,0,Copper,0,BROWNING AVE   ,FLINT,48507,FS2028,Copper,KITCHEN,1
24-Feb-16,Lead,0,Copper,70,E RUSSELL AVE  ,FLINT,48505,FS2038,Copper,KITCHEN,1
24-Feb-16,Lead,0,Copper,150,E GENESEE ST  ,FLINT,48505,FS2040,Copper,KITCHEN,1
24-Feb-16,Lead,0,Copper,50,CLINTON ST   ,FLINT,48507,FS2042,Copper,KITCHEN,1
24-Feb-16,Lead,0,Copper,0,CALUMET ST   ,FLINT,48503,FS2054,Copper,KITCHEN,1
24-Feb-16,Lead,0,Copper,0,CLINTON ST   ,FLINT,48507,FS2055,Copper,,1
24-Feb-16,Lead,0,Copper,0,CHALMERS ST   ,FLINT,48503,FS2077,Copper,KITCHEN,1
24-Feb-16,Lead,0,Copper,60,GREENFIELD AVE   ,FLINT,48503,FS2123,Copper,KITCHEN,1
25-Feb-16,Lead,0,Copper,0,E GENESEE ST  ,FLINT,48505,FS2124,Copper,KITCHEN,1
25-Feb-16,Lead,0,Copper,70,E ALMA AVE  ,FLINT,48505,FS2128,Copper,KITCHEN,1
24-Feb-16,Lead,0,Copper,0,CLINTON ST   ,FLINT,48507,FS2134,Copper,KITCHEN,1
24-Feb-16,Lead,0,Copper,0,W SIXTH ST  ,FLINT,48503,FS2193,Copper,KITCHEN,1
24-Feb-16,Lead,0,Copper,90,MOUNTAIN AVE   ,FLINT,48503,FS2196,Copper,KITCHEN,1
25-Feb-16,Lead,0,Copper,0,E YORK AVE  ,FLINT,48505,FS2198,Copper,KITCHEN,1
26-Feb-16,Lead,0,Copper,130,LAFAYETTE ST   ,FLINT,48503,FS2222,Copper,KITCHEN,1
24-Feb-16,Lead,0,Copper,0,E CARPENTER RD  ,FLINT,48505,FS2224,Copper,KITCHEN,1
26-Feb-16,Lead,0,Copper,0,WOODROW AVE   ,FLINT,48506,FS2233,Copper,KITCHEN,1
24-Feb-16,Lead,0,Copper,0,BRANDON ST   ,FLINT,48503,FS2234,Copper,KITCHEN,1
24-Feb-16,Lead,0,Copper,220,CLINTON ST   ,FLINT,48507,FS2242,Copper,KITCHEN,1
24-Feb-16,Lead,0,Copper,0,FRANK ST   ,FLINT,48504,FS2245,Copper,KITCHEN,1
24-Feb-16,Lead,0,Copper,0,CLINTON ST   ,FLINT,48507,FS2247,Copper,KITCHEN,1
24-Feb-16,Lead,0,Copper,50,PIERCE ST   ,FLINT,48503,FS2262,Copper,KITCHEN,1
24-Feb-16,Lead,0,Copper,0,ALLENDALE PL   ,FLINT,48503,FS2340,Copper,KITCHEN,1
26-Feb-16,Lead,0,Copper,0,WOODROW AVE   ,FLINT,48506,FS2345,Copper,KITCHEN,1
26-Feb-16,Lead,0,Copper,0,WOODROW AVE   ,FLINT,48506,FS2351,Copper,KITCHEN,1
24-Feb-16,Lead,0,Copper,90,ALLENDALE PL   ,FLINT,48503,FS2354,Copper,KITCHEN,1
24-Feb-16,Lead,0,Copper,190,ARLENE AVE   ,FLINT,48532,FS2364,Copper,KITCHEN,1
24-Feb-16,Lead,0,Copper,80,CALUMET ST   ,FLINT,48503,FS2454,Copper,KITCHEN,1
24-Feb-16,Lead,0,Copper,130,BROWNING AVE   ,FLINT,48507,FS2455,Copper,KITCHEN,1
26-Feb-16,Lead,0,Copper,0,LINCOLN AVE   ,FLINT,48507,FS2474,Copper,KITCHEN,1
24-Feb-16,Lead,0,Copper,0,ARLENE AVE   ,FLINT,48532,FS2492,Copper,KITCHEN,1
24-Feb-16,Lead,0,Copper,70,HOGARTH AVE   ,FLINT,48532,FS2498,Copper,KITCHEN,1
24-Feb-16,Lead,0,Copper,0,CRAWFORD ST   ,FLINT,48507,FS2514,Copper,KITCHEN,1
24-Feb-16,Lead,0,Copper,0,E MOORE ST  ,FLINT,48505,FS2573,Copper,KITCHEN,1
24-Feb-16,Lead,0,Copper,70,WHITNEY AVE   ,FLINT,48532,FS2608,Copper,,1
24-Feb-16,Lead,0,Copper,80,SHERWOOD DR   ,FLINT,48503,FS2611,Copper,KITCHEN,1
26-Feb-16,Lead,0,Copper,0,CAMPBELL ST   ,FLINT,48507,FS2616,Copper,KITCHEN,1
24-Feb-16,Lead,0,Copper,0,BROWNING AVE   ,FLINT,48507,FS2622,Copper,KITCHEN,1
24-Feb-16,Lead,0,Copper,60,MILTON DR   ,FLINT,48507,FS2683,Copper,KITCHEN,1
26-Feb-16,Lead,0,Copper,0,DALE AVE   ,FLINT,48506,FS2714,Copper,,1
24-Feb-16,Lead,0,Copper,0,CRAWFORD ST   ,FLINT,48507,FS2715,Copper,KITCHEN,1
16-Feb-16,Lead,1,Copper,140,E RUSSELL AVE  ,FLINT,48505,FS0004,Copper,KITCHEN,1
16-Feb-16,Lead,1,Copper,70,W KEARSLEY ST  ,FLINT,48532,FS0110,Copper,KITCHEN,1
16-Feb-16,Lead,1,Copper,90,KIRK AVE   ,FLINT,48503,FS0122,Copper,KITCHEN,1
21-Feb-16,Lead,1,Copper,0,JANICE DR   ,FLINT,48504,FS0137,Copper,KITCHEN,1
16-Feb-16,Lead,1,Copper,0,SALLY CT   ,FLINT,48505,FS0138,Copper,KITCHEN,1
16-Feb-16,Lead,1,Copper,0,ORANGE LN   ,FLINT,48505,FS0139,Copper,KITCHEN,1
16-Feb-16,Lead,1,Copper,80,COMMONWEALTH AVE   ,FLINT,48503,FS0181,Copper,KITCHEN,1
16-Feb-16,Lead,1,Copper,0,CLINTON ST   ,FLINT,48507,FS0234,Copper,KITCHEN,1
16-Feb-16,Lead,1,Copper,0,IDA AVE   ,FLINT,48503,FS0269,Copper,KITCHEN,1
16-Feb-16,Lead,1,Copper,100,MOUNTAIN AVE   ,FLINT,48503,FS0294,Copper,KITCHEN,1
16-Feb-16,Lead,1,Copper,0,E COURT ST  ,FLINT,48503,FS0306,Copper,KITCHEN,1
16-Feb-16,Lead,1,Copper,60,WINONA ST   ,FLINT,48504,FS0337,Copper,KITCHEN,1
16-Feb-16,Lead,1,Copper,160,RASKOB ST   ,FLINT,48504,FS0359,Copper,KITCHEN,1
16-Feb-16,Lead,1,Copper,0,PONTIAC ST   ,FLINT,48503,FS0377,Copper,,1
16-Feb-16,Lead,1,Copper,0,MASON ST   ,FLINT,48503,FS0381,Copper,BATHROOM,1
24-Feb-16,Lead,1,Copper,0,SENECA ST   ,FLINT,48504,FS0413,Copper,KITCHEN,1
24-Feb-16,Lead,1,Copper,0,COPEMAN BLVD   ,FLINT,48504,FS0420,Copper,KITCHEN,1
24-Feb-16,Lead,1,Copper,370,COPEMAN BLVD   ,FLINT,48504,FS0536,Copper,KITCHEN,1
24-Feb-16,Lead,1,Copper,0,WELCH BLVD   ,FLINT,48504,FS0632,Copper,KITCHEN,1
24-Feb-16,Lead,1,Copper,300,BRENTWOOD DR   ,FLINT,48503,FS0692,Copper,KITCHEN,1
24-Feb-16,Lead,1,Copper,0,MASON ST   ,FLINT,48505,FS1039,Copper,KITCHEN,1
25-Feb-16,Lead,1,Copper,0,E AUSTIN AVE  ,FLINT,48505,FS1167,Copper,BATHROOM,1
24-Feb-16,Lead,1,Copper,0,PIERCE ST   ,FLINT,48503,FS1440,Copper,,1
24-Feb-16,Lead,1,Copper,80,CLAIRMONT ST   ,FLINT,48503,FS1521,Copper,KITCHEN,1
24-Feb-16,Lead,1,Copper,0,CRAWFORD ST   ,FLINT,48507,FS1633,Copper,KITCHEN,1
24-Feb-16,Lead,1,Copper,100,MAXINE ST   ,FLINT,48503,FS1656,Copper,KITCHEN,1
24-Feb-16,Lead,1,Copper,0,BLANCHARD AVE   ,FLINT,48503,FS1728,Copper,KITCHEN,1
24-Feb-16,Lead,1,Copper,0,KENSINGTON AVE   ,FLINT,48503,FS1771,Copper,BATHROOM,1
26-Feb-16,Lead,1,Copper,0,NEW YORK AVE  ,FLINT,48506,FS1855,Copper,KITCHEN,1
24-Feb-16,Lead,1,Copper,0,CLINTON ST   ,FLINT,48507,FS1899,Copper,KITCHEN,1
26-Feb-16,Lead,1,Copper,150,ROBBIE LN   ,FLINT,48505,FS1917,Copper,KITCHEN,1
24-Feb-16,Lead,1,Copper,70,WINDEMERE AVE   ,FLINT,48503,FS1995,Copper,KITCHEN,1
24-Feb-16,Lead,1,Copper,0,E COURT ST  ,FLINT,48503,FS2037,Copper,KITCHEN,1
24-Feb-16,Lead,1,Copper,0,E BAKER ST  ,FLINT,48505,FS2059,Copper,KITCHEN,1
26-Feb-16,Lead,1,Copper,50,STARKWEATHER ST   ,FLINT,48506,FS2127,Copper,KITCHEN,1
24-Feb-16,Lead,1,Copper,0,E BAKER ST  ,FLINT,48505,FS2220,Copper,KITCHEN,1
24-Feb-16,Lead,1,Copper,120,MOUNTAIN AVE   ,FLINT,48503,FS2226,Copper,KITCHEN,1
24-Feb-16,Lead,1,Copper,320,FRANK ST   ,FLINT,48504,FS2245,Copper,BATHROOM,1
24-Feb-16,Lead,1,Copper,0,PIERCE ST   ,FLINT,48503,FS2265,Copper,KITCHEN,1
24-Feb-16,Lead,1,Copper,110,CHANDLER AVE   ,FLINT,48503,FS2344,Copper,KITCHEN,1
29-Feb-16,Lead,1,Copper,280,MASON ST   ,FLINT,48503,FS2348,Copper,KITCHEN,1
26-Feb-16,Lead,1,Copper,0,NEW YORK AVE  ,FLINT,48506,FS2355,Copper,KITCHEN,1
24-Feb-16,Lead,1,Copper,140,HERRICK ST   ,FLINT,48532,FS2511,Copper,KITCHEN,1
16-Feb-16,Lead,2,Copper,170,FOREST HILL AVE  ,FLINT,48504,FS0035,Copper,KITCHEN,1
16-Feb-16,Lead,2,Copper,0,W GENESEE ST  ,FLINT,48504,FS0040,Copper,KITCHEN,1
16-Feb-16,Lead,2,Copper,80,MALLERY ST   ,FLINT,48504,FS0097,Copper,KITCHEN,1
16-Feb-16,Lead,2,Copper,0,JANICE DR   ,FLINT,48504,FS0137,Copper,KITCHEN,1
16-Feb-16,Lead,2,Copper,170,KENNELWORTH AVE   ,FLINT,48503,FS0171,Copper,KITCHEN,1
16-Feb-16,Lead,2,Copper,0,GLOUCESTER ST   ,FLINT,48503,FS0173,Copper,BATHROOM,1
16-Feb-16,Lead,2,Copper,70,SWAYZE ST   ,FLINT,48503,FS0188,Copper,KITCHEN,1
16-Feb-16,Lead,2,Copper,0,CLAIRMONT ST   ,FLINT,48503,FS0196,Copper,KITCHEN,1
24-Feb-16,Lead,2,Copper,50,CLAIRMONT ST   ,FLINT,48503,FS0196,Copper,KITCHEN,1
16-Feb-16,Lead,2,Copper,0,BROWN ST   ,FLINT,48503,FS0259,Copper,KITCHEN,1
16-Feb-16,Lead,2,Copper,0,BLANCHARD AVE   ,FLINT,48503,FS0282,Copper,KITCHEN,1
16-Feb-16,Lead,2,Copper,0,E COURT ST  ,FLINT,48503,FS0289,Copper,KITCHEN,1
16-Feb-16,Lead,2,Copper,180,WINDEMERE AVE   ,FLINT,48503,FS0291,Copper,KITCHEN,1
16-Feb-16,Lead,2,Copper,0,E RUTH AVE  ,FLINT,48505,FS0314,Copper,KITCHEN,1
16-Feb-16,Lead,2,Copper,80,COPEMAN BLVD   ,FLINT,48504,FS0334,Copper,BATHROOM,1
16-Feb-16,Lead,2,Copper,0,KELLAR AVE   ,FLINT,48504,FS0335,Copper,KITCHEN,1
16-Feb-16,Lead,2,Copper,70,CADILLAC ST   ,FLINT,48504,FS0397,Copper,KITCHEN/BATHROOM,1
24-Feb-16,Lead,2,Copper,0,COPEMAN BLVD   ,FLINT,48504,FS0422,Copper,KITCHEN,1
24-Feb-16,Lead,2,Copper,180,CLOVERDALE PL   ,FLINT,48503,FS0565,Copper,KITCHEN,1
24-Feb-16,Lead,2,Copper,0,WINONA ST   ,FLINT,48504,FS0566,Copper,KITCHEN,1
24-Feb-16,Lead,2,Copper,60,WESTCOMBE AVE   ,FLINT,48503,FS0620,Copper,KITCHEN,1
24-Feb-16,Lead,2,Copper,0,WELCH BLVD   ,FLINT,48504,FS0663,Copper,KITCHEN,1
24-Feb-16,Lead,2,Copper,0,WELCH BLVD   ,FLINT,48504,FS0672,Copper,KITCHEN,1
25-Feb-16,Lead,2,Copper,0,WELCH BLVD   ,FLINT,48504,FS0682,Copper,KITCHEN,1
24-Feb-16,Lead,2,Copper,0,CHALMERS ST   ,FLINT,48503,FS1129,Copper,KITCHEN,1
24-Feb-16,Lead,2,Copper,0,BRANDON ST   ,FLINT,48503,FS1142,Copper,KITCHEN,1
24-Feb-16,Lead,2,Copper,0,E TOBIAS ST  ,FLINT,48503,FS1212,Copper,BATHROOM,1
24-Feb-16,Lead,2,Copper,0,BURROUGHS AVE   ,FLINT,48507,FS1263,Copper,BATHROOM,1
24-Feb-16,Lead,2,Copper,110,W YORK AVE  ,FLINT,48505,FS1326,Copper,KITCHEN,1
26-Feb-16,Lead,2,Copper,60,HOLLY AVE   ,FLINT,48506,FS1327,Copper,,1
25-Feb-16,Lead,2,Copper,60,LAWNDALE AVE   ,FLINT,48504,FS1361,Copper,KITCHEN,1
26-Feb-16,Lead,2,Copper,0,S FRANKLIN AVE  ,FLINT,48503,FS1417,Copper,KITCHEN,1
28-Feb-16,Lead,2,Copper,0,MATHEWSON ST   ,FLINT,48504,FS1548,Copper,BATHROOM,1
24-Feb-16,Lead,2,Copper,110,E ALMA AVE  ,FLINT,48505,FS1604,Copper,KITCHEN,1
26-Feb-16,Lead,2,Copper,230,JANE AVE   ,FLINT,48506,FS1730,Copper,KITCHEN,1
24-Feb-16,Lead,2,Copper,0,ROOME CT   ,FLINT,48503,FS1744,Copper,KITCHEN,1
25-Feb-16,Lead,2,Copper,0,FOREST HILL AVE  ,FLINT,48504,FS1892,Copper,KITCHEN,1
26-Feb-16,Lead,2,Copper,0,LAFAYETTE ST   ,FLINT,48503,FS1983,Copper,KITCHEN,1
25-Feb-16,Lead,2,Copper,0,E HOBSON AVE  ,FLINT,48505,FS2032,Copper,KITCHEN,1
24-Feb-16,Lead,2,Copper,90,SOUTH DR   ,FLINT,48503,FS2033,Copper,KITCHEN,1
24-Feb-16,Lead,2,Copper,0,CLINTON ST   ,FLINT,48507,FS2079,Copper,KITCHEN,1
24-Feb-16,Lead,2,Copper,0,E COURT ST  ,FLINT,48503,FS2126,Copper,KITCHEN,1
25-Feb-16,Lead,2,Copper,0,E ALMA AVE  ,FLINT,48505,FS2133,Copper,KITCHEN,1
24-Feb-16,Lead,2,Copper,0,CHICAGO BLVD   ,FLINT,48503,FS2363,Copper,KITCHEN,1
24-Feb-16,Lead,2,Copper,50,WHITNEY AVE   ,FLINT,48532,FS2375,Copper,KITCHEN,1
24-Feb-16,Lead,2,Copper,0,MARVIN ST   ,FLINT,48505,FS2574,Copper,KITCHEN,1
21-Feb-16,Lead,3,Copper,110,CONCORD ST   ,FLINT,48504,FS0052,Copper,KITCHEN,1
16-Feb-16,Lead,3,Copper,100,CARTIER ST   ,FLINT,48504,FS0107,Copper,KITCHEN,1
16-Feb-16,Lead,3,Copper,0,MAJOR ST   ,FLINT,48507,FS0241,Copper,KITCHEN,1
16-Feb-16,Lead,3,Copper,0,MAXINE ST   ,FLINT,48503,FS0281,Copper,KITCHEN,1
16-Feb-16,Lead,3,Copper,140,E COURT ST  ,FLINT,48503,FS0292,Copper,,1
16-Feb-16,Lead,3,Copper,0,E AUSTIN AVE  ,FLINT,48505,FS0313,Copper,BATHROOM,1
16-Feb-16,Lead,3,Copper,0,OKLAHOMA AVE   ,FLINT,48506,FS0343,Copper,KITCHEN,1
16-Feb-16,Lead,3,Copper,140,WISCONSIN AVE   ,FLINT,48506,FS0347,Copper,KITCHEN,1
16-Feb-16,Lead,3,Copper,0,MISSOURI AVE   ,FLINT,48506,FS0350,Copper,KITCHEN,1
29-Feb-16,Lead,3,Copper,0,MACKIN RD   ,FLINT,48504,FS0357,Copper,BATHROOM,1
16-Feb-16,Lead,3,Copper,80,SLOAN ST   ,FLINT,48504,FS0360,Copper,BATHROOM,1
25-Feb-16,Lead,3,Copper,80,PROSPECT ST   ,FLINT,48504,FS0407,Copper,KITCHEN,1
24-Feb-16,Lead,3,Copper,130,SENECA ST   ,FLINT,48504,FS0617,Copper,KITCHEN,1
26-Feb-16,Lead,3,Copper,0,DAKOTA AVE   ,FLINT,48506,FS1059,Copper,KITCHEN,1
24-Feb-16,Lead,3,Copper,0,E MOORE ST  ,FLINT,48505,FS1088,Copper,KITCHEN,1
24-Feb-16,Lead,3,Copper,150,CLAIRMONT ST   ,FLINT,48503,FS1125,Copper,KITCHEN,1
24-Feb-16,Lead,3,Copper,0,HILLS ST   ,FLINT,48503,FS1173,Copper,KITCHEN,1
25-Feb-16,Lead,3,Copper,200,M L KING AVE ,FLINT,48505,FS1419,Copper,,1
24-Feb-16,Lead,3,Copper,60,WALDMAN AVE   ,FLINT,48507,FS1573,Copper,KITCHEN,1
24-Feb-16,Lead,3,Copper,120,BRENTWOOD DR   ,FLINT,48503,FS1718,Copper,BATHROOM,1
24-Feb-16,Lead,3,Copper,70,PIERCE ST   ,FLINT,48503,FS1721,Copper,KITCHEN,1
24-Feb-16,Lead,3,Copper,170,ALLENDALE PL   ,FLINT,48503,FS1864,Copper,KITCHEN,1
24-Feb-16,Lead,3,Copper,0,CLINTON ST   ,FLINT,48507,FS1998,Copper,KITCHEN,1
24-Feb-16,Lead,3,Copper,0,WINDEMERE AVE   ,FLINT,48503,FS2056,Copper,KITCHEN,1
25-Feb-16,Lead,3,Copper,110,W GENESEE ST  ,FLINT,48504,FS2119,Copper,KITCHEN,1
25-Feb-16,Lead,3,Copper,80,W ALMA AVE  ,FLINT,48505,FS2195,Copper,KITCHEN,1
24-Feb-16,Lead,3,Copper,0,FRANK ST   ,FLINT,48504,FS2261,Copper,,1
24-Feb-16,Lead,3,Copper,80,PIERCE ST   ,FLINT,48503,FS2311,Copper,KITCHEN,1
25-Feb-16,Lead,3,Copper,250,ROBBIE LN   ,FLINT,48505,FS2349,Copper,KITCHEN,1
24-Feb-16,Lead,3,Copper,100,PIERCE ST   ,FLINT,48503,FS2503,Copper,KITCHEN,1
16-Feb-16,Lead,4,Copper,0,PROCTOR AVE   ,FLINT,48504,FS0034,Copper,KITCHEN,1
16-Feb-16,Lead,4,Copper,120,SALISHAN CIR   ,FLINT,48506,FS0063,Copper,KITCHEN,1
16-Feb-16,Lead,4,Copper,450,ANN ARBOR ST  ,FLINT,48503,FS0111,Copper,KITCHEN,1
16-Feb-16,Lead,4,Copper,150,WARNER AVE   ,FLINT,48503,FS0168,Copper,KITCHEN,1
16-Feb-16,Lead,4,Copper,50,S FRANKLIN AVE  ,FLINT,48503,FS0285,Copper,BATHROOM,1
16-Feb-16,Lead,4,Copper,60,S VERNON AVE  ,FLINT,48503,FS0290,Copper,KITCHEN,1
16-Feb-16,Lead,4,Copper,0,E COURT ST  ,FLINT,48503,FS0303,Copper,KITCHEN,1
16-Feb-16,Lead,4,Copper,170,E COURT ST  ,FLINT,48503,FS0305,Copper,KITCHEN,1
16-Feb-16,Lead,4,Copper,0,COVENTRY CT   ,FLINT,48503,FS0372,Copper,BATHROOM,1
24-Feb-16,Lead,4,Copper,0,COPEMAN BLVD   ,FLINT,48504,FS0418,Copper,KITCHEN,1
26-Feb-16,Lead,4,Copper,200,CLOVERDALE PL   ,FLINT,48503,FS0565,Copper,KITCHEN,1
24-Feb-16,Lead,4,Copper,70,WESTCOMBE AVE   ,FLINT,48503,FS0608,Copper,KITCHEN,1
24-Feb-16,Lead,4,Copper,80,WELCH BLVD   ,FLINT,48504,FS0656,Copper,KITCHEN,1
24-Feb-16,Lead,4,Copper,60,PIERCE ST   ,FLINT,48503,FS1043,Copper,KITCHEN,1
24-Feb-16,Lead,4,Copper,160,MASON ST   ,FLINT,48505,FS1439,Copper,KITCHEN,1
24-Feb-16,Lead,4,Copper,0,NORWOOD DR   ,FLINT,48503,FS1701,Copper,KITCHEN,1
24-Feb-16,Lead,4,Copper,0,CHAMBERS ST   ,FLINT,48507,FS1971,Copper,BATHROOM,1
24-Feb-16,Lead,4,Copper,170,WINONA ST   ,FLINT,48504,FS2039,Copper,KITCHEN,1
24-Feb-16,Lead,4,Copper,80,FRANK ST   ,FLINT,48504,FS2267,Copper,KITCHEN,1
26-Feb-16,Lead,4,Copper,90,HOLLY AVE   ,FLINT,48506,FS2346,Copper,,1
24-Feb-16,Lead,4,Copper,100,HOGARTH AVE   ,FLINT,48532,FS2362,Copper,KITCHEN,1
24-Feb-16,Lead,4,Copper,70,HILLS ST   ,FLINT,48503,FS2626,Copper,KITCHEN,1
16-Feb-16,Lead,4,Copper,0,RASKOB ST   ,FLINT,48504,FS2717,Copper,KITCHEN,1
29-Feb-16,Lead,4,Copper,0,RASKOB ST   ,FLINT,48504,FS2717,Copper,KITCHEN,1
16-Feb-16,Lead,5,Copper,0,LYNN CT   ,FLINT,48503,FS0167,Copper,KITCHEN,1
16-Feb-16,Lead,5,Copper,60,INGLESIDE AVE   ,FLINT,48507,FS0243,Copper,KITCHEN,1
16-Feb-16,Lead,5,Copper,0,CRAPO ST   ,FLINT,48503,FS0273,Copper,BATHROOM,1
16-Feb-16,Lead,5,Copper,70,KANSAS AVE   ,FLINT,48506,FS0301,Copper,KITCHEN,1
16-Feb-16,Lead,5,Copper,0,E COURT ST  ,FLINT,48503,FS0302,Copper,KITCHEN,1
16-Feb-16,Lead,5,Copper,0,MACKIN RD   ,FLINT,48504,FS0357,Copper,KITCHEN,1
24-Feb-16,Lead,5,Copper,0,COPEMAN BLVD   ,FLINT,48504,FS0547,Copper,KITCHEN,1
24-Feb-16,Lead,5,Copper,140,HERRICK ST   ,FLINT,48532,FS1070,Copper,KITCHEN,1
24-Feb-16,Lead,5,Copper,0,HILLS ST   ,FLINT,48503,FS1078,Copper,KITCHEN,1
24-Feb-16,Lead,5,Copper,0,LARCHMONT ST   ,FLINT,48503,FS1227,Copper,KITCHEN,1
24-Feb-16,Lead,5,Copper,140,W JACKSON AVE  ,FLINT,48505,FS1381,Copper,KITCHEN,1
24-Feb-16,Lead,5,Copper,0,E WELLINGTON AVE  ,FLINT,48503,FS2120,Copper,KITCHEN,1
24-Feb-16,Lead,5,Copper,60,HILLS ST   ,FLINT,48503,FS2199,Copper,KITCHEN,1
24-Feb-16,Lead,5,Copper,60,W VAN WAGONER AVE ,FLINT,48505,FS2382,Copper,KITCHEN,1
26-Feb-16,Lead,5,Copper,110,FERNDALE PL   ,FLINT,48503,FS5001,Copper,KITCHEN,1
16-Feb-16,Lead,6,Copper,0,W ELDRIDGE AVE  ,FLINT,48505,FS0028,Copper,KITCHEN,1
16-Feb-16,Lead,6,Copper,80,PIERCE ST   ,FLINT,48503,FS0307,Copper,KITCHEN,1
24-Feb-16,Lead,6,Copper,230,COPEMAN BLVD   ,FLINT,48504,FS0427,Copper,KITCHEN,1
24-Feb-16,Lead,6,Copper,130,PIERCE ST   ,FLINT,48503,FS2246,Copper,KITCHEN,1
24-Feb-16,Lead,6,Copper,0,E JACKSON AVE  ,FLINT,48505,FS2284,Copper,,1
21-Feb-16,Lead,7,Copper,0,DAMON ST   ,FLINT,48505,FS0017,Copper,KITCHEN,1
16-Feb-16,Lead,7,Copper,0,THOMAS ST   ,FLINT,48504,FS0096,Copper,KITCHEN,1
16-Feb-16,Lead,7,Copper,0,NELSON ST   ,FLINT,48503,FS0162,Copper,BATHROOM,1
25-Feb-16,Lead,7,Copper,200,SENECA ST   ,FLINT,48504,FS0412,Copper,KITCHEN,1
25-Feb-16,Lead,7,Copper,50,MACKIN RD   ,FLINT,48504,FS0667,Copper,KITCHEN,1
24-Feb-16,Lead,7,Copper,250,HELBER ST   ,FLINT,48504,FS0714,Copper,KITCHEN,1
24-Feb-16,Lead,7,Copper,150,HOGARTH AVE   ,FLINT,48503,FS0993,Copper,KITCHEN,1
24-Feb-16,Lead,7,Copper,0,BRANDON ST   ,FLINT,48503,FS1205,Copper,KITCHEN,1
24-Feb-16,Lead,7,Copper,0,PIERCE ST   ,FLINT,48503,FS1269,Copper,KITCHEN,1
24-Feb-16,Lead,7,Copper,50,WHITNEY AVE   ,FLINT,48532,FS1580,Copper,KITCHEN,1
24-Feb-16,Lead,7,Copper,0,COLLINGWOOD PKWY   ,FLINT,48503,FS1606,Copper,BATHROOM,1
26-Feb-16,Lead,7,Copper,0,PENNSYLVANIA AVE   ,FLINT,48506,FS1682,Copper,KITCHEN,1
25-Feb-16,Lead,7,Copper,0,AVENUE B   ,FLINT,48503,FS2012,Copper,KITCHEN,1
24-Feb-16,Lead,7,Copper,50,LINWOOD AVE   ,FLINT,48503,FS2324,Copper,KITCHEN,1
16-Feb-16,Lead,8,Copper,0,OKLAHOMA AVE   ,FLINT,48506,FS0344,Copper,KITCHEN,1
24-Feb-16,Lead,8,Copper,0,CLAIRMONT ST   ,FLINT,48503,FS1978,Copper,KITCHEN,1
23-Feb-16,Lead,9,Copper,60,WINONA ST   ,FLINT,48504,FS0039,Copper,KITCHEN,1
24-Feb-16,Lead,9,Copper,90,N BALLENGER HWY  ,FLINT,48504,FS0543,Copper,KITCHEN,1
16-Feb-16,Lead,10,Copper,230,BERKLEY ST   ,FLINT,48504,FS0108,Copper,KITCHEN,1
16-Feb-16,Lead,10,Copper,70,BUCKINGHAM AVE   ,FLINT,48507,FS0230,Copper,KITCHEN,1
16-Feb-16,Lead,10,Copper,0,OKLAHOMA AVE   ,FLINT,48506,FS0328,Copper,KITCHEN,1
25-Feb-16,Lead,10,Copper,280,E YORK AVE  ,FLINT,48505,FS1004,Copper,KITCHEN,1
24-Feb-16,Lead,10,Copper,0,CRAWFORD ST   ,FLINT,48507,FS1084,Copper,KITCHEN,1
24-Feb-16,Lead,10,Copper,100,HOGARTH AVE   ,FLINT,48532,FS2018,Copper,KITCHEN,1
16-Feb-16,Lead,11,Copper,110,NORBERT ST   ,FLINT,48504,FS0086,Copper,KITCHEN,1
16-Feb-16,Lead,11,Copper,60,EDMUND ST   ,FLINT,48505,FS0317,Copper,KITCHEN,1
24-Feb-16,Lead,11,Copper,0,COPEMAN BLVD   ,FLINT,48504,FS0432,Copper,KITCHEN,1
24-Feb-16,Lead,11,Copper,0,FRANK ST   ,FLINT,48504,FS2260,Copper,BATHROOM,1
16-Feb-16,Lead,12,Copper,60,LESLIE CT   ,FLINT,48504,FS0141,Copper,KITCHEN,1
24-Feb-16,Lead,12,Copper,580,COPEMAN BLVD   ,FLINT,48504,FS0426,Copper,KITCHEN,1
24-Feb-16,Lead,12,Copper,70,HILLS ST   ,FLINT,48503,FS0997,Copper,KITCHEN,1
25-Feb-16,Lead,12,Copper,390,ROBBIE LN   ,FLINT,48505,FS1141,Copper,KITCHEN,1
16-Feb-16,Lead,15,Copper,120,BEECHER RD   ,FLINT,48503,FS0373,Copper,KITCHEN,1
24-Feb-16,Lead,16,Copper,70,KELLAR AVE   ,FLINT,48504,FS0548,Copper,KITCHEN,1
24-Feb-16,Lead,16,Copper,100,HILLS ST   ,FLINT,48503,FS1664,Copper,KITCHEN,1
24-Feb-16,Lead,16,Copper,0,FRANK ST   ,FLINT,48504,FS2313,Copper,KITCHEN,1
16-Feb-16,Lead,17,Copper,50,E MOORE ST  ,FLINT,48505,FS0018,Copper,KITCHEN,1
16-Feb-16,Lead,17,Copper,70,CHURCH ST   ,FLINT,48502,FS0389,Copper,BATHROOM,1
26-Feb-16,Lead,18,Copper,220,DALE AVE   ,FLINT,48506,FS2009,Copper,BATHROOM,1
24-Feb-16,Lead,19,Copper,120,W JACKSON AVE APT 4,FLINT,48505,FS1522,Copper,KITCHEN,1
24-Feb-16,Lead,20,Copper,170,BRENTWOOD DR   ,FLINT,48503,FS0641,Copper,KITCHEN,1
24-Feb-16,Lead,21,Copper,210,MASON ST   ,FLINT,48505,FS1089,Copper,KITCHEN,1
16-Feb-16,Lead,22,Copper,150,RISEDORPH AVE   ,FLINT,48506,FS0056,Copper,KITCHEN,1
16-Feb-16,Lead,26,Copper,0,MT ELLIOTT AVE  ,FLINT,48504,FS0046,Copper,KITCHEN,1
24-Feb-16,Lead,26,Copper,340,LARCHMONT ST   ,FLINT,48503,FS2657,Copper,KITCHEN,1
24-Feb-16,Lead,26,Copper,100,ARROW LN   ,FLINT,48507,FS2676,Copper,SERVICE LINE IN BASEMENT,1
24-Feb-16,Lead,30,Copper,0,BLANCHARD AVE   ,FLINT,48503,FS1749,Copper,BATHROOM,1
24-Feb-16,Lead,38,Copper,0,BARNEY AVE   ,FLINT,48503,FS2685,Copper,KITCHEN,1
24-Feb-16,Lead,41,Copper,350,SENECA ST   ,FLINT,48504,FS0428,Copper,KITCHEN,1
24-Feb-16,Lead,41,Copper,460,WHITNEY AVE   ,FLINT,48532,FS1041,Copper,KITCHEN,1
25-Feb-16,Lead,42,Copper,770,BERKLEY ST   ,FLINT,48504,FS0423,Copper,KITCHEN,1
24-Feb-16,Lead,44,Copper,130,E COURT ST  ,FLINT,48503,FS1895,Copper,KITCHEN,1
28-Feb-16,Lead,44,Copper,60,COTTAGE GROVE AV  ,FLINT,48504,FS2631,Copper,BATHROOM,1
24-Feb-16,Lead,45,Copper,80,BROOKSIDE DR   ,FLINT,48503,FS2703,Copper,BATHROOM,1
24-Feb-16,Lead,48,Copper,430,E DARTMOUTH ST  ,FLINT,48505,FS1289,Copper,,1
16-Feb-16,Lead,53,Copper,130,WELCH BLVD   ,FLINT,48504,FS0044,Copper,KITCHEN,1
24-Feb-16,Lead,61,Copper,280,LARCHMONT ST   ,FLINT,48532,FS2708,Copper,BATHROOM,1
24-Feb-16,Lead,91,Copper,400,SHERWOOD DR   ,FLINT,48503,FS1444,Copper,BATHROOM,1
24-Feb-16,Lead,109,Copper,390,BROOKSIDE DR   ,FLINT,48503,FS2703,Copper,BATHROOM,1
16-Feb-16,Lead,115,Copper,380,CONCORD ST   ,FLINT,48504,FS0052,Copper,KITCHEN,1
24-Feb-16,Lead,119,Copper,890,HILLS ST   ,FLINT,48503,FS2303,Copper,KITCHEN,1
16-Feb-16,Lead,131,Copper,160,E COURT ST  ,FLINT,48503,FS0288,Copper,BATHROOM,1
26-Feb-16,Lead,134,Copper,140,W PATERSON ST  ,FLINT,48503,FS2716,Copper,KITCHEN,1
24-Feb-16,Lead,172,Copper,70,CHALMERS ST   ,FLINT,48503,FS2060,Copper,KITCHEN,1
16-Feb-16,Lead,243,Copper,640,DICKINSON ST   ,FLINT,48504,FS0091,Copper,KITCHEN,1
16-Feb-16,Lead,255,Copper,170,MASON ST   ,FLINT,48503,FS0380,Copper,BATHROOM,1
24-Feb-16,Lead,971,Copper,11650,N STEVENSON ST  ,FLINT,48504,FS0510,Copper,BASEMENT,1
16-Feb-16,Lead,1485,Copper,1800,LIPPINCOTT BLVD   ,FLINT,48503,FS0311,Copper,,1
24-Feb-16,Lead,3207,Copper,420,N BALLENGER HWY  ,FLINT,48504,FS0421,Copper,KITCHEN,1
16-Feb-16,Lead,0,Copper,0,MONTANA AVE   ,FLINT,48506,FS0022,Galvanized,KITCHEN,1
16-Feb-16,Lead,0,Copper,0,WYOMING AVE   ,FLINT,48506,FS0023,Galvanized,KITCHEN,1
16-Feb-16,Lead,0,Copper,0,EDWARDS AVE   ,FLINT,48505,FS0025,Galvanized,,1
16-Feb-16,Lead,0,Copper,0,BENNETT AVE   ,FLINT,48506,FS0075,Galvanized,KITCHEN,1
16-Feb-16,Lead,0,Copper,50,BARTH ST   ,FLINT,48504,FS0087,Galvanized,KITCHEN,1
16-Feb-16,Lead,0,Copper,0,FRANK ST   ,FLINT,48504,FS0093,Galvanized,KITCHEN,1
16-Feb-16,Lead,0,Copper,0,BAGLEY ST   ,FLINT,48504,FS0101,Galvanized,KITCHEN,1
16-Feb-16,Lead,0,Copper,0,WOLCOTT ST   ,FLINT,48504,FS0115,Galvanized,KITCHEN,1
16-Feb-16,Lead,0,Copper,0,WOODSIDE DR   ,FLINT,48503,FS0178,Galvanized,BATHROOM,1
16-Feb-16,Lead,0,Copper,0,GIBSON ST   ,FLINT,48503,FS0191,Galvanized,KITCHEN,1
16-Feb-16,Lead,0,Copper,0,E TOBIAS ST  ,FLINT,48503,FS0226,Galvanized,KITCHEN,1
16-Feb-16,Lead,0,Copper,0,MONROE ST   ,FLINT,48503,FS0240,Galvanized,KITCHEN,1
16-Feb-16,Lead,0,Copper,0,WASHINGTON AVE   ,FLINT,48503,FS0272,Galvanized,KITCHEN,1
16-Feb-16,Lead,0,Copper,0,M L KING AVE ,FLINT,48503,FS0383,Galvanized,KITCHEN,1
16-Feb-16,Lead,0,Copper,0,CHURCH ST   ,FLINT,48503,FS0396,Galvanized,KITCHEN,1
24-Feb-16,Lead,0,Copper,70,COPEMAN BLVD   ,FLINT,48504,FS0532,Galvanized,KITCHEN,1
25-Feb-16,Lead,0,Copper,0,BARTH ST   ,FLINT,48504,FS0638,Galvanized,KITCHEN,1
25-Feb-16,Lead,0,Copper,0,MACKIN RD   ,FLINT,48504,FS0688,Galvanized,KITCHEN,1
24-Feb-16,Lead,0,Copper,190,MASON ST   ,FLINT,48505,FS1077,Galvanized,KITCHEN,1
24-Feb-16,Lead,0,Copper,0,DURAND ST   ,FLINT,48503,FS1080,Galvanized,,1
24-Feb-16,Lead,0,Copper,170,OLIVER ST   ,FLINT,48503,FS1172,Galvanized,KITCHEN,1
24-Feb-16,Lead,0,Copper,100,ROOME CT   ,FLINT,48503,FS1336,Galvanized,KITCHEN,1
24-Feb-16,Lead,0,Copper,0,E BAKER ST  ,FLINT,48505,FS1357,Galvanized,KITCHEN,1
24-Feb-16,Lead,0,Copper,0,DUPONT ST   ,FLINT,48504,FS1422,Galvanized,KITCHEN,1
24-Feb-16,Lead,0,Copper,0,MASON ST   ,FLINT,48505,FS1466,Galvanized,KITCHEN,1
25-Feb-16,Lead,0,Copper,0,GREEN ST   ,FLINT,48503,FS1519,Galvanized,KITCHEN,1
25-Feb-16,Lead,0,Copper,70,AVENUE B   ,FLINT,48503,FS1523,Galvanized,KITCHEN,1
24-Feb-16,Lead,0,Copper,0,BLANCHARD AVE   ,FLINT,48503,FS1630,Galvanized,BATHROOM,1
25-Feb-16,Lead,0,Copper,70,BARTH ST   ,FLINT,48504,FS1665,Galvanized,KITCHEN,1
24-Feb-16,Lead,0,Copper,0,CASSIUS ST   ,FLINT,48505,FS1700,Galvanized,KITCHEN,1
26-Feb-16,Lead,0,Copper,260,JANE AVE   ,FLINT,48506,FS1738,Galvanized,KITCHEN,1
24-Feb-16,Lead,0,Copper,0,BROWN ST   ,FLINT,48503,FS1745,Galvanized,KITCHEN,1
24-Feb-16,Lead,0,Copper,0,GREENFIELD AVE   ,FLINT,48503,FS1982,Galvanized,KITCHEN,1
24-Feb-16,Lead,0,Copper,310,BLANCHARD AVE   ,FLINT,48503,FS1993,Galvanized,KITCHEN,1
24-Feb-16,Lead,0,Copper,0,E DARTMOUTH ST  ,FLINT,48505,FS2004,Galvanized,KITCHEN,1
24-Feb-16,Lead,0,Copper,170,E MC CLELLAN ST ,FLINT,48505,FS2131,Galvanized,BATHROOM,1
25-Feb-16,Lead,0,Copper,0,GARLAND ST   ,FLINT,48503,FS2231,Galvanized,KITCHEN,1
21-Feb-16,Lead,0,Copper,0,E BAKER ST  ,FLINT,48505,FS2232,Galvanized,KITCHEN,1
24-Feb-16,Lead,0,Copper,0,E DARTMOUTH ST  ,FLINT,48505,FS2300,Galvanized,KITCHEN,1
24-Feb-16,Lead,0,Copper,0,BLANCHARD AVE   ,FLINT,48503,FS2323,Galvanized,KITCHEN,1
16-Feb-16,Lead,1,Copper,90,ADAMS AVE   ,FLINT,48505,FS0112,Galvanized,BATHROOM,1
16-Feb-16,Lead,1,Copper,0,MASON ST   ,FLINT,48503,FS0113,Galvanized,BATHROOM,1
16-Feb-16,Lead,1,Copper,0,BROWN ST   ,FLINT,48503,FS0268,Galvanized,KITCHEN,1
24-Feb-16,Lead,1,Copper,100,BRENTWOOD DR   ,FLINT,48503,FS0651,Galvanized,KITCHEN,1
26-Feb-16,Lead,1,Copper,0,NEW YORK AVE  ,FLINT,48506,FS1074,Galvanized,KITCHEN,1
25-Feb-16,Lead,1,Copper,0,W JACKSON AVE APT 1,FLINT,48505,FS1126,Galvanized,KITCHEN,1
24-Feb-16,Lead,1,Copper,0,BLANCHARD AVE   ,FLINT,48503,FS1722,Galvanized,KITCHEN,1
24-Feb-16,Lead,1,Copper,160,CRESCENT DR   ,FLINT,48503,FS2306,Galvanized,,1
24-Feb-16,Lead,1,Copper,530,THOMAS ST   ,FLINT,48504,FS2330,Galvanized,KITCHEN,1
24-Feb-16,Lead,1,Copper,60,ZIMMERMAN ST   ,FLINT,48503,FS2711,Galvanized,KITCHEN,1
16-Feb-16,Lead,2,Copper,110,MT ELLIOTT AVE  ,FLINT,48504,FS0049,Galvanized,BATHROOM,1
16-Feb-16,Lead,2,Copper,0,MT ELLIOTT AVE  ,FLINT,48504,FS0050,Galvanized,KITCHEN,1
16-Feb-16,Lead,2,Copper,0,BENNETT AVE   ,FLINT,48506,FS0074,Galvanized,KITCHEN,1
16-Feb-16,Lead,2,Copper,0,WOLCOTT ST   ,FLINT,48504,FS0079,Galvanized,KITCHEN,1
17-Feb-16,Lead,2,Copper,110,MALLERY ST   ,FLINT,48504,FS0088,Galvanized,KITCHEN,1
24-Feb-16,Lead,2,Copper,90,BUICK ST   ,FLINT,48505,FS1331,Galvanized,KITCHEN,1
24-Feb-16,Lead,2,Copper,0,E TOBIAS ST  ,FLINT,48503,FS1334,Galvanized,KITCHEN,1
24-Feb-16,Lead,2,Copper,0,GREEN ST   ,FLINT,48503,FS1358,Galvanized,KITCHEN,1
25-Feb-16,Lead,2,Copper,230,E BAKER ST  ,FLINT,48505,FS1363,Galvanized,KITCHEN,1
24-Feb-16,Lead,2,Copper,0,BROWN ST   ,FLINT,48503,FS1576,Galvanized,KITCHEN,1
24-Feb-16,Lead,2,Copper,0,MASON ST   ,FLINT,48505,FS1589,Galvanized,KITCHEN,1
24-Feb-16,Lead,2,Copper,0,E GENESEE ST  ,FLINT,48505,FS1605,Galvanized,KITCHEN,1
24-Feb-16,Lead,2,Copper,90,BLANCHARD AVE   ,FLINT,48503,FS1761,Galvanized,KITCHEN,1
26-Feb-16,Lead,2,Copper,60,E BAKER ST  ,FLINT,48505,FS1980,Galvanized,KITCHEN,1
24-Feb-16,Lead,2,Copper,0,E EDDINGTON AVE  ,FLINT,48503,FS2003,Galvanized,KITCHEN,1
24-Feb-16,Lead,2,Copper,0,GREENFIELD AVE   ,FLINT,48503,FS2029,Galvanized,BATHROOM,1
24-Feb-16,Lead,2,Copper,0,E GENESEE ST  ,FLINT,48505,FS2043,Galvanized,KITCHEN,1
24-Feb-16,Lead,2,Copper,0,FRANK ST   ,FLINT,48504,FS2046,Galvanized,KITCHEN,1
24-Feb-16,Lead,2,Copper,80,CEDAR ST   ,FLINT,48503,FS2225,Galvanized,KITCHEN,1
25-Feb-16,Lead,2,Copper,0,IRENE AVE   ,FLINT,48503,FS2497,Galvanized,KITCHEN,1
24-Feb-16,Lead,2,Copper,60,E MOORE ST  ,FLINT,48505,FS2571,Galvanized,KITCHEN,1
16-Feb-16,Lead,3,Copper,0,N CHEVROLET AVE  ,FLINT,48504,FS0102,Galvanized,KITCHEN,1
16-Feb-16,Lead,3,Copper,130,W HAMILTON AVE  ,FLINT,48503,FS0124,Galvanized,KITCHEN,1
16-Feb-16,Lead,3,Copper,80,CROMWELL AVE   ,FLINT,48503,FS0184,Galvanized,KITCHEN,1
16-Feb-16,Lead,3,Copper,60,BARNEY AVE   ,FLINT,48503,FS0254,Galvanized,KITCHEN,1
16-Feb-16,Lead,3,Copper,0,W PATERSON ST  ,FLINT,48504,FS0340,Galvanized,KITCHEN,1
16-Feb-16,Lead,3,Copper,0,WELCH BLVD   ,FLINT,48504,FS0379,Galvanized,BATHROOM,1
25-Feb-16,Lead,3,Copper,90,MACKIN RD   ,FLINT,48504,FS0410,Galvanized,KITCHEN,1
24-Feb-16,Lead,3,Copper,0,MASON ST   ,FLINT,48505,FS1060,Galvanized,KITCHEN,1
24-Feb-16,Lead,3,Copper,80,CLAIRMONT ST   ,FLINT,48503,FS1384,Galvanized,KITCHEN,1
24-Feb-16,Lead,3,Copper,330,CRESCENT DR   ,FLINT,48503,FS1516,Galvanized,MASTER BATHROOM,1
25-Feb-16,Lead,3,Copper,70,LAWNDALE AVE   ,FLINT,48504,FS1520,Galvanized,,1
24-Feb-16,Lead,3,Copper,0,PIERCE ST   ,FLINT,48503,FS1599,Galvanized,KITCHEN,1
24-Feb-16,Lead,3,Copper,310,WINONA ST   ,FLINT,48504,FS1641,Galvanized,KITCHEN,1
24-Feb-16,Lead,3,Copper,0,BLANCHARD AVE   ,FLINT,48503,FS1642,Galvanized,KITCHEN,1
25-Feb-16,Lead,3,Copper,240,GREEN ST   ,FLINT,48503,FS1893,Galvanized,KITCHEN,1
24-Feb-16,Lead,3,Copper,170,BRANDON ST   ,FLINT,48503,FS2228,Galvanized,KITCHEN,1
16-Feb-16,Lead,4,Copper,0,KNAPP AVE   ,FLINT,48503,FS0202,Galvanized,KITCHEN,1
24-Feb-16,Lead,4,Copper,0,EDWIN AVE   ,FLINT,48505,FS1087,Galvanized,KITCHEN,1
25-Feb-16,Lead,4,Copper,250,IRENE AVE   ,FLINT,48503,FS1691,Galvanized,BATHROOM,1
24-Feb-16,Lead,4,Copper,0,CEDAR ST   ,FLINT,48503,FS1962,Galvanized,KITCHEN,1
26-Feb-16,Lead,4,Copper,0,MAPLEWOOD AVE   ,FLINT,48506,FS2015,Galvanized,KITCHEN,1
26-Feb-16,Lead,4,Copper,0,LAWNDALE AVE   ,FLINT,48504,FS2165,Galvanized,KITCHEN,1
24-Feb-16,Lead,4,Copper,0,MASON ST   ,FLINT,48505,FS2365,Galvanized,KITCHEN,1
24-Feb-16,Lead,5,Copper,0,CLAIRMONT ST   ,FLINT,48503,FS2302,Galvanized,KITCHEN,1
24-Feb-16,Lead,5,Copper,0,E GENESEE ST  ,FLINT,48505,FS2659,Galvanized,KITCHEN,1
16-Feb-16,Lead,6,Copper,0,MIDDLETON ST   ,FLINT,48503,FS0206,Galvanized,KITCHEN,1
24-Feb-16,Lead,6,Copper,80,WHITNEY AVE   ,FLINT,48532,FS1075,Galvanized,KITCHEN,1
24-Feb-16,Lead,6,Copper,0,CRESCENT DR   ,FLINT,48503,FS1516,Galvanized,MAIN BATHROOM,1
24-Feb-16,Lead,6,Copper,0,E MC CLELLAN ST ,FLINT,48505,FS1974,Galvanized,KITCHEN,1
24-Feb-16,Lead,7,Copper,0,BLANCHARD AVE   ,FLINT,48503,FS1260,Galvanized,BATHROOM HOT WATER,1
24-Feb-16,Lead,7,Copper,70,GREEN ST   ,FLINT,48503,FS1900,Galvanized,KITCHEN,1
16-Feb-16,Lead,8,Copper,0,FRANK ST   ,FLINT,48504,FS0368,Galvanized,KITCHEN,1
24-Feb-16,Lead,8,Copper,0,OLIVER ST   ,FLINT,48503,FS1170,Galvanized,BATHROOM,1
24-Feb-16,Lead,8,Copper,130,W JACKSON AVE  ,FLINT,48505,FS2163,Galvanized,KITCHEN,1
24-Feb-16,Lead,8,Copper,0,BLANCHARD AVE   ,FLINT,48503,FS2376,Galvanized,KITCHEN,1
24-Feb-16,Lead,8,Copper,80,DICKINSON ST   ,FLINT,48504,FS2710,Galvanized,KITCHEN,1
16-Feb-16,Lead,9,Copper,80,FIELDING ST   ,FLINT,48503,FS0204,Galvanized,KITCHEN,1
24-Feb-16,Lead,11,Copper,0,CEDAR ST   ,FLINT,48503,FS1594,Galvanized,KITCHEN,1
24-Feb-16,Lead,12,Copper,0,HILLS ST   ,FLINT,48503,FS1675,Galvanized,KITCHEN,1
24-Feb-16,Lead,13,Copper,0,SENECA ST   ,FLINT,48504,FS0725,Galvanized,KITCHEN,1
24-Feb-16,Lead,14,Copper,60,MASON ST   ,FLINT,48505,FS2352,Galvanized,KITCHEN,1
16-Feb-16,Lead,15,Copper,280,W CARPENTER RD  ,FLINT,48505,FS0144,Galvanized,KITCHEN,1
24-Feb-16,Lead,16,Copper,0,E WELLINGTON AVE  ,FLINT,48503,FS1388,Galvanized,KITCHEN,1
24-Feb-16,Lead,16,Copper,100,HILLS ST   ,FLINT,48503,FS1752,Galvanized,KITCHEN,1
24-Feb-16,Lead,17,Copper,70,E LIVINGSTON DR  ,FLINT,48503,FS1362,Galvanized,KITCHEN,1
24-Feb-16,Lead,25,Copper,0,CLAIRMONT ST   ,FLINT,48503,FS2002,Galvanized,KITCHEN,1
16-Feb-16,Lead,26,Copper,110,SLOAN ST   ,FLINT,48504,FS0084,Galvanized,KITCHEN,1
24-Feb-16,Lead,30,Copper,60,THOMAS ST   ,FLINT,48504,FS0431,Galvanized,KITCHEN,1
16-Feb-16,Lead,50,Copper,490,LIPPINCOTT BLVD   ,FLINT,48503,FS0312,Galvanized,KITCHEN,1
16-Feb-16,Lead,58,Copper,0,BILLINGS ST   ,FLINT,48505,FS0012,Galvanized,,1
16-Feb-16,Lead,70,Copper,240,W RANKIN ST  ,FLINT,48504,FS0036,Galvanized,KITCHEN,1
26-Feb-16,Lead,75,Copper,120,LEITH ST   ,FLINT,48506,FS1517,Galvanized,KITCHEN,1
16-Feb-16,Lead,81,Copper,130,KANSAS AVE   ,FLINT,48506,FS0166,Galvanized,KITCHEN,1
16-Feb-16,Lead,82,Copper,0,CHURCH ST   ,FLINT,48503,FS0238,Galvanized,KITCHEN,1
24-Feb-16,Lead,125,Copper,0,E MC CLELLAN ST ,FLINT,48505,FS2072,Galvanized,,1
25-Feb-16,Lead,172,Copper,490,ALEXANDER ST   ,FLINT,48505,FS2707,Galvanized,,1
24-Feb-16,Lead,0,Copper,0,COPEMAN BLVD   ,FLINT,48504,FS0561,Lead,KITCHEN,1
16-Feb-16,Lead,1,Copper,0,COPEMAN BLVD   ,FLINT,48504,FS0336,Lead,KITCHEN,1
24-Feb-16,Lead,1,Copper,0,COPEMAN BLVD   ,FLINT,48504,FS0336,Lead,KITCHEN,1
24-Feb-16,Lead,1,Copper,60,LELAND ST   ,FLINT,48507,FS1029,Lead,KITCHEN,1
24-Feb-16,Lead,1,Copper,80,CRAWFORD ST   ,FLINT,48507,FS1551,Lead,KITCHEN,1
24-Feb-16,Lead,1,Copper,0,CRAWFORD ST   ,FLINT,48507,FS1696,Lead,KITCHEN,1
16-Feb-16,Lead,2,Copper,90,CAMPBELL ST   ,FLINT,48507,FS0224,Lead,BATHROOM,1
16-Feb-16,Lead,2,Copper,60,S FRANKLIN AVE  ,FLINT,48503,FS0297,Lead,,1
24-Feb-16,Lead,2,Copper,130,CRAWFORD ST   ,FLINT,48507,FS1693,Lead,KITCHEN,1
24-Feb-16,Lead,3,Copper,380,HOGARTH AVE   ,FLINT,48503,FS1014,Lead,KITCHEN,1
24-Feb-16,Lead,3,Copper,60,CRAWFORD ST   ,FLINT,48507,FS1113,Lead,KITCHEN,1
24-Feb-16,Lead,3,Copper,0,E GENESEE ST  ,FLINT,48505,FS1964,Lead,KITCHEN,1
24-Feb-16,Lead,4,Copper,80,PIERCE ST   ,FLINT,48503,FS1131,Lead,KITCHEN,1
24-Feb-16,Lead,4,Copper,150,BROOKSIDE DR   ,FLINT,48503,FS1840,Lead,KITCHEN,1
24-Feb-16,Lead,4,Copper,0,HOGARTH AVE   ,FLINT,48503,FS2188,Lead,KITCHEN,1
25-Feb-16,Lead,5,Copper,0,MALLERY ST   ,FLINT,48504,FS0886,Lead,KITCHEN,1
25-Feb-16,Lead,5,Copper,0,MALLERY ST   ,FLINT,48504,FS0935,Lead,KITCHEN,1
24-Feb-16,Lead,6,Copper,90,COPEMAN BLVD   ,FLINT,48504,FS0404,Lead,KITCHEN,1
25-Feb-16,Lead,6,Copper,100,MALLERY ST   ,FLINT,48504,FS0973,Lead,KITCHEN,1
24-Feb-16,Lead,6,Copper,0,CRAWFORD ST   ,FLINT,48507,FS1557,Lead,KITCHEN,1
25-Feb-16,Lead,7,Copper,0,CLINTON ST   ,FLINT,48507,FS0246,Lead,KITCHEN,1
16-Feb-16,Lead,7,Copper,0,CLINTON ST   ,FLINT,48507,FS0247,Lead,KITCHEN,1
16-Feb-16,Lead,7,Copper,0,MOUNTAIN AVE   ,FLINT,48503,FS0295,Lead,KITCHEN,1
16-Feb-16,Lead,7,Copper,140,MOUNTAIN AVE   ,FLINT,48503,FS0401,Lead,KITCHEN,1
24-Feb-16,Lead,7,Copper,0,CLINTON ST   ,FLINT,48507,FS1382,Lead,KITCHEN,1
25-Feb-16,Lead,8,Copper,0,MALLERY ST   ,FLINT,48504,FS0984,Lead,KITCHEN,1
24-Feb-16,Lead,8,Copper,0,WINDEMERE AVE   ,FLINT,48503,FS2189,Lead,KITCHEN,1
24-Feb-16,Lead,8,Copper,0,PIERCE ST   ,FLINT,48503,FS2266,Lead,KITCHEN,1
24-Feb-16,Lead,9,Copper,0,MALLERY ST   ,FLINT,48504,FS0910,Lead,KITCHEN,1
24-Feb-16,Lead,10,Copper,110,CLAIRMONT ST   ,FLINT,48503,FS2392,Lead,KITCHEN,1
16-Feb-16,Lead,14,Copper,0,CLINTON ST   ,FLINT,48507,FS0248,Lead,KITCHEN,1
24-Feb-16,Lead,19,Copper,120,E COURT ST  ,FLINT,48503,FS1313,Lead,KITCHEN,1
24-Feb-16,Lead,25,Copper,70,WELCH BLVD   ,FLINT,48504,FS0408,Lead,,1
24-Feb-16,Lead,37,Copper,170,WELCH BLVD   ,FLINT,48504,FS0409,Lead,KITCHEN,1
16-Feb-16,Lead,41,Copper,70,SOUTH DR   ,FLINT,48503,FS0211,Lead,KITCHEN,1
16-Feb-16,Lead,96,Copper,370,HILLS ST   ,FLINT,48503,FS0308,Lead,KITCHEN,1
16-Feb-16,Lead,0,Copper,230,MANN AVE   ,FLINT,48503,FS0193,Other,KITCHEN,1
29-Feb-16,Lead,0,Copper,80,N GRAND TRAVERSE  ,FLINT,48503,FS2691,Other,BATHROOM,1
29-Feb-16,Lead,4,Copper,350,N GRAND TRAVERSE  ,FLINT,48503,FS2691,Other,KITCHEN,1
16-Feb-16,Lead,0,Copper,650,S SAGINAW ST  ,FLINT,48502,FS0179,Plastic,,1
16-Feb-16,Lead,0,Copper,0,M L KING AVE ,FLINT,48503,FS0382,Plastic,BATHROOM,1
24-Feb-16,Lead,0,Copper,0,E MC CLELLAN ST ,FLINT,48505,FS1423,Unknown,KITCHEN,1
24-Feb-16,Lead,0,Copper,0,GREENFIELD AVE   ,FLINT,48503,FS2001,Unknown,KITCHEN,1
24-Feb-16,Lead,0,Copper,120,CLAIRMONT ST   ,FLINT,48503,FS2014,Unknown,KITCHEN,1
24-Feb-16,Lead,0,Copper,0,PIERCE ST   ,FLINT,48503,FS2036,Unknown,BATHROOM,1
24-Feb-16,Lead,0,Copper,0,PIERCE ST   ,FLINT,48503,FS2130,Unknown,KITCHEN,1
16-Feb-16,Lead,1,Copper,120,E BELVIDERE AVE  ,FLINT,48503,FS0250,Unknown,KITCHEN,1
24-Feb-16,Lead,1,Copper,0,WINONA ST   ,FLINT,48504,FS0596,Unknown,KITCHEN,1
24-Feb-16,Lead,1,Copper,0,BLANCHARD AVE   ,FLINT,48503,FS1766,Unknown,,1
24-Feb-16,Lead,1,Copper,250,PIERCE ST   ,FLINT,48503,FS2230,Unknown,KITCHEN,1
16-Feb-16,Lead,2,Copper,0,S FRANKLIN AVE  ,FLINT,48503,FS0296,Unknown,KITCHEN,1
24-Feb-16,Lead,2,Copper,0,E RUSSELL AVE  ,FLINT,48505,FS1994,Unknown,KITCHEN,1
24-Feb-16,Lead,2,Copper,280,BROOKSIDE DR   ,FLINT,48503,FS2061,Unknown,KITCHEN,1
24-Feb-16,Lead,3,Copper,0,BARTH ST   ,FLINT,48504,FS0415,Unknown,KITCHEN,1
24-Feb-16,Lead,3,Copper,140,E RUSSELL AVE  ,FLINT,48505,FS2129,Unknown,,1
24-Feb-16,Lead,4,Copper,70,FRANK ST   ,FLINT,48504,FS2051,Unknown,KITCHEN,1
24-Feb-16,Lead,4,Copper,90,FRANK ST   ,FLINT,48504,FS2316,Unknown,KITCHEN,1
24-Feb-16,Lead,5,Copper,140,WESTCOMBE AVE   ,FLINT,48503,FS0633,Unknown,KITCHEN,1
24-Feb-16,Lead,5,Copper,160,KELLAR AVE   ,FLINT,48504,FS0925,Unknown,KITCHEN,1
24-Feb-16,Lead,6,Copper,70,COPEMAN BLVD   ,FLINT,48504,FS0716,Unknown,BATHROOM,1
24-Feb-16,Lead,6,Copper,0,E COURT ST  ,FLINT,48503,FS1901,Unknown,KITCHEN,1
24-Feb-16,Lead,7,Copper,130,FRANK ST   ,FLINT,48504,FS2050,Unknown,KITCHEN,1
25-Feb-16,Lead,7,Copper,50,PROSPECT ST   ,FLINT,48504,FS2702,Unknown,BATHROOM,1
24-Feb-16,Lead,8,Copper,0,E COURT ST  ,FLINT,48503,FS2080,Unknown,BATHROOM,1
26-Feb-16,Lead,10,Copper,80,MAPLEWOOD AVE   ,FLINT,48506,FS2367,Unknown,KITCHEN,1
24-Feb-16,Lead,20,Copper,90,S FRANKLIN AVE  ,FLINT,48503,FS1764,Unknown,KITCHEN,1
16-Feb-16,Lead,32,Copper,170,MOUNTAIN AVE   ,FLINT,48503,FS1493,Unknown,BATHROOM,1
16-Feb-16,Lead,33,Copper,110,E GENESEE ST  ,FLINT,48505,FS0323,Unknown,KITCHEN,1
24-Feb-16,Lead,71,Copper,80,E RUSSELL AVE  ,FLINT,48505,FS2656,Unknown,KITCHEN,1